Image,Tilte,Location,Phone number,Website
https://lh5.googleusercontent.com/p/AF1QipPjXPTFSJxjbaaGQAxDKuDlBpesL_bZ5KTZRjq0=w408-h365-k-no,Abitare UK,Caroline St, Wigan WN3 4EL, United Kingdom,+44 1942 248842,abitareuk.com
https://lh5.googleusercontent.com/p/AF1QipOBsu81qQwDwKsG-4IfwxhTjwwwuvMrzXsCuDWY=w480-h240-k-no,My Furniture,Caroline St, Wigan WN3 4EL, United Kingdom,+44 800 092 1636,my-furniture.co.uk
https://lh5.googleusercontent.com/p/AF1QipPUFlKzPPDhLEcH4sza8A8o_p5aMXqnx551Hjku=w408-h306-k-no,Top Secret Furniture Outlet,1 Mark St, Sandiacre, Nottingham NG10 5AD, United Kingdom,+44 1477 535644,topsecretfurnitureoutlet.co.uk
https://lh5.googleusercontent.com/p/AF1QipN0de-Bf3yEJiuK052rWBjXIyA2J4EIJOFqEVfR=w408-h272-k-no,Haus®,5b Manor Ln, Holmes Chapel, Crewe CW4 8AF, United Kingdom,+44 20 8533 8024,hauslondon.com
https://lh5.googleusercontent.com/p/AF1QipMQwOYWI10mq6m5ryZMW47sydFbCG6EehdoRexs=w408-h306-k-no,JS Furniture,39 Morpeth Rd, London E9 7LD, United Kingdom,+44 1924 470222,jsfurniture.co.uk
https://lh5.googleusercontent.com/p/AF1QipMQwOYWI10mq6m5ryZMW47sydFbCG6EehdoRexs=w408-h306-k-no,JS Furniture,624 Bradford Rd, Batley WF17 8HF, United Kingdom,ERROR_num,No website
https://lh5.googleusercontent.com/p/AF1QipPxT2v5HJpne6C6NfZQ0SastTx7sMniJ7zJbHXA=w533-h240-k-no,The Cave UK,Grosvenor House, Grosvenor St, Leicester LE1 3LR, United Kingdom,ERROR_num,thecaveuk.co.uk
https://lh5.googleusercontent.com/p/AF1QipO4YjpSmlghF33MbBHIx9CDvTJoMk_wBotU93uu=w408-h295-k-no,Vale Furnishers Ltd,Not Specified,+44 1252 325525,valefurnishers.co.uk
https://lh5.googleusercontent.com/p/AF1QipOevU4SphKjvoW1AlAETi_tJBDg-DU7h0L-V8a5=w408-h272-k-no,Magnum Furniture Store Ltd,Wharf Rd, Ash Vale, Ash, Aldershot GU12 5AS, United Kingdom,+44 1942 261563,magnumfurniture.co.uk
None,UK Furniture,33 Lord St, Leigh WN7 1BY, United Kingdom,+44 7404 495650,No website
https://lh5.googleusercontent.com/p/AF1QipMf9aIiwyh5TE8TguPAe4WhY7hKI4b0BXOhX1y_=w408-h388-k-no,TR Hayes,64 Sydenham Rd, London SE26 5QE, United Kingdom,+44 1225 465757,trhayes.co.uk
https://lh5.googleusercontent.com/p/AF1QipN0eFkFSXaRa3KobhEGTbjLEXGy3OWKerjPjlNh=w408-h252-k-no,Lucas Furniture,15-18 London St, Walcot St, Bath BA1 5BX, United Kingdom,+44 1296 486255,lucas-furniture.co.uk
https://lh5.googleusercontent.com/p/AF1QipPYGA0iH_ZWFIp4iVqwr1AqLIrG1rUN9ttzHXzY=w408-h248-k-no,Furnipol,Sir Henry Lee Cres, Aylesbury HP18 0PE, United Kingdom,+44 7931 934965,furnipol.co.uk
None,Fishpools,Flat 3, Emma Court, 2 Castlemain Ave, Bournemouth BH6 5EQ, United Kingdom,+44 1992 636465,fishpools.co.uk
https://lh5.googleusercontent.com/p/AF1QipNK88GO_YZ3Zpggy18qz7uduosODpiqqAdmCBWl=w408-h297-k-no,FCI London,115 High St, Waltham Cross EN8 7AL, United Kingdom,+44 20 8961 7780,fcilondon.co.uk
https://lh5.googleusercontent.com/p/AF1QipPSZDrOlGCBsrn0pbYGmAJjbXnbfMdtukqCmR39=w535-h240-k-no,Furnish.co.uk,Rays House, N Circular Rd., London NW10 7XP, United Kingdom,+44 345 544 4044,furnish.co.uk
https://lh5.googleusercontent.com/p/AF1QipPv8nGE4y4krZ3bOmnecODiocPKWj1savaeznCu=w438-h240-k-no,Stollers Furniture World LTD,63/66 Hatton Garden, Fifth Floor, Suite 23, London EC1N 8LE, United Kingdom,+44 1229 820679,stollers.co.uk
https://lh5.googleusercontent.com/p/AF1QipPv8nGE4y4krZ3bOmnecODiocPKWj1savaeznCu=w438-h240-k-no,Stollers Furniture World LTD,Walney Rd, Barrow-in-Furness LA14 5UN, United Kingdom,+44 1229 820679,stollers.co.uk
https://lh5.googleusercontent.com/p/AF1QipPv8nGE4y4krZ3bOmnecODiocPKWj1savaeznCu=w438-h240-k-no,Stollers Furniture World LTD,Walney Rd, Barrow-in-Furness LA14 5UN, United Kingdom,+44 1229 820679,stollers.co.uk
https://lh5.googleusercontent.com/p/AF1QipPv8nGE4y4krZ3bOmnecODiocPKWj1savaeznCu=w438-h240-k-no,Stollers Furniture World LTD,Walney Rd, Barrow-in-Furness LA14 5UN, United Kingdom,ERROR_num,No website
https://lh5.googleusercontent.com/p/AF1QipPkztSdWRfPFvZh6PxbvbzBBWKajAcz9wZ36XQ=w408-h240-k-no-pi0-ya306.6-ro-0-fo100,K FURNITURE CO LTD,281-283 Cricklewood Broadway, London NW2 6NX, United Kingdom,+44 20 8438 8883,kfurniture.co.uk
https://lh5.googleusercontent.com/p/AF1QipPkztSdWRfPFvZh6PxbvbzBBWKajAcz9wZ36XQ=w408-h240-k-no-pi0-ya306.6-ro-0-fo100,K FURNITURE CO LTD,281-283 Cricklewood Broadway, London NW2 6NX, United Kingdom,+44 20 8438 8883,kfurniture.co.uk
https://lh5.googleusercontent.com/p/AF1QipPkztSdWRfPFvZh6PxbvbzBBWKajAcz9wZ36XQ=w408-h240-k-no-pi0-ya306.6-ro-0-fo100,K FURNITURE CO LTD,281-283 Cricklewood Broadway, London NW2 6NX, United Kingdom,+44 20 8438 8883,kfurniture.co.uk
https://lh5.googleusercontent.com/p/AF1QipPkztSdWRfPFvZh6PxbvbzBBWKajAcz9wZ36XQ=w408-h240-k-no-pi0-ya306.6-ro-0-fo100,K FURNITURE CO LTD,281-283 Cricklewood Broadway, London NW2 6NX, United Kingdom,+44 20 8438 8883,kfurniture.co.uk
https://lh5.googleusercontent.com/p/AF1QipPkztSdWRfPFvZh6PxbvbzBBWKajAcz9wZ36XQ=w408-h240-k-no-pi0-ya306.6-ro-0-fo100,K FURNITURE CO LTD,281-283 Cricklewood Broadway, London NW2 6NX, United Kingdom,+44 20 8438 8883,kfurniture.co.uk
https://lh5.googleusercontent.com/p/AF1QipPkztSdWRfPFvZh6PxbvbzBBWKajAcz9wZ36XQ=w408-h240-k-no-pi0-ya306.6-ro-0-fo100,K FURNITURE CO LTD,281-283 Cricklewood Broadway, London NW2 6NX, United Kingdom,+44 20 8438 8883,kfurniture.co.uk
https://lh5.googleusercontent.com/p/AF1QipPkztSdWRfPFvZh6PxbvbzBBWKajAcz9wZ36XQ=w408-h240-k-no-pi0-ya306.6-ro-0-fo100,K FURNITURE CO LTD,281-283 Cricklewood Broadway, London NW2 6NX, United Kingdom,+44 20 8438 8883,kfurniture.co.uk
https://lh5.googleusercontent.com/p/AF1QipPkztSdWRfPFvZh6PxbvbzBBWKajAcz9wZ36XQ=w408-h240-k-no-pi0-ya306.6-ro-0-fo100,K FURNITURE CO LTD,281-283 Cricklewood Broadway, London NW2 6NX, United Kingdom,+44 20 8438 8883,kfurniture.co.uk
https://lh5.googleusercontent.com/p/AF1QipPkztSdWRfPFvZh6PxbvbzBBWKajAcz9wZ36XQ=w408-h240-k-no-pi0-ya306.6-ro-0-fo100,K FURNITURE CO LTD,281-283 Cricklewood Broadway, London NW2 6NX, United Kingdom,+44 20 8438 8883,kfurniture.co.uk
https://lh5.googleusercontent.com/p/AF1QipPkztSdWRfPFvZh6PxbvbzBBWKajAcz9wZ36XQ=w408-h240-k-no-pi0-ya306.6-ro-0-fo100,K FURNITURE CO LTD,281-283 Cricklewood Broadway, London NW2 6NX, United Kingdom,+44 20 8438 8883,kfurniture.co.uk
https://lh5.googleusercontent.com/p/AF1QipPkztSdWRfPFvZh6PxbvbzBBWKajAcz9wZ36XQ=w408-h240-k-no-pi0-ya306.6-ro-0-fo100,K FURNITURE CO LTD,281-283 Cricklewood Broadway, London NW2 6NX, United Kingdom,+44 20 8438 8883,kfurniture.co.uk
https://lh5.googleusercontent.com/p/AF1QipPkztSdWRfPFvZh6PxbvbzBBWKajAcz9wZ36XQ=w408-h240-k-no-pi0-ya306.6-ro-0-fo100,K FURNITURE CO LTD,281-283 Cricklewood Broadway, London NW2 6NX, United Kingdom,+44 20 8438 8883,kfurniture.co.uk
https://lh5.googleusercontent.com/p/AF1QipPkztSdWRfPFvZh6PxbvbzBBWKajAcz9wZ36XQ=w408-h240-k-no-pi0-ya306.6-ro-0-fo100,K FURNITURE CO LTD,281-283 Cricklewood Broadway, London NW2 6NX, United Kingdom,+44 20 8438 8883,kfurniture.co.uk
https://lh5.googleusercontent.com/p/AF1QipPkztSdWRfPFvZh6PxbvbzBBWKajAcz9wZ36XQ=w408-h240-k-no-pi0-ya306.6-ro-0-fo100,K FURNITURE CO LTD,281-283 Cricklewood Broadway, London NW2 6NX, United Kingdom,+44 20 8438 8883,kfurniture.co.uk
https://lh5.googleusercontent.com/p/AF1QipPkztSdWRfPFvZh6PxbvbzBBWKajAcz9wZ36XQ=w408-h240-k-no-pi0-ya306.6-ro-0-fo100,K FURNITURE CO LTD,281-283 Cricklewood Broadway, London NW2 6NX, United Kingdom,+44 20 8438 8883,kfurniture.co.uk
https://lh5.googleusercontent.com/p/AF1QipPkztSdWRfPFvZh6PxbvbzBBWKajAcz9wZ36XQ=w408-h240-k-no-pi0-ya306.6-ro-0-fo100,K FURNITURE CO LTD,281-283 Cricklewood Broadway, London NW2 6NX, United Kingdom,+44 20 8438 8883,kfurniture.co.uk
https://lh5.googleusercontent.com/p/AF1QipPkztSdWRfPFvZh6PxbvbzBBWKajAcz9wZ36XQ=w408-h240-k-no-pi0-ya306.6-ro-0-fo100,K FURNITURE CO LTD,281-283 Cricklewood Broadway, London NW2 6NX, United Kingdom,+44 20 8438 8883,kfurniture.co.uk
https://lh5.googleusercontent.com/p/AF1QipPkztSdWRfPFvZh6PxbvbzBBWKajAcz9wZ36XQ=w408-h240-k-no-pi0-ya306.6-ro-0-fo100,K FURNITURE CO LTD,281-283 Cricklewood Broadway, London NW2 6NX, United Kingdom,+44 20 8438 8883,kfurniture.co.uk
https://lh5.googleusercontent.com/p/AF1QipPkztSdWRfPFvZh6PxbvbzBBWKajAcz9wZ36XQ=w408-h240-k-no-pi0-ya306.6-ro-0-fo100,K FURNITURE CO LTD,281-283 Cricklewood Broadway, London NW2 6NX, United Kingdom,+44 20 8438 8883,kfurniture.co.uk
https://lh5.googleusercontent.com/p/AF1QipPkztSdWRfPFvZh6PxbvbzBBWKajAcz9wZ36XQ=w408-h240-k-no-pi0-ya306.6-ro-0-fo100,K FURNITURE CO LTD,281-283 Cricklewood Broadway, London NW2 6NX, United Kingdom,+44 20 8438 8883,kfurniture.co.uk
https://lh5.googleusercontent.com/p/AF1QipPkztSdWRfPFvZh6PxbvbzBBWKajAcz9wZ36XQ=w408-h240-k-no-pi0-ya306.6-ro-0-fo100,K FURNITURE CO LTD,281-283 Cricklewood Broadway, London NW2 6NX, United Kingdom,+44 20 8438 8883,kfurniture.co.uk
https://lh5.googleusercontent.com/p/AF1QipPkztSdWRfPFvZh6PxbvbzBBWKajAcz9wZ36XQ=w408-h240-k-no-pi0-ya306.6-ro-0-fo100,K FURNITURE CO LTD,281-283 Cricklewood Broadway, London NW2 6NX, United Kingdom,+44 20 8438 8883,kfurniture.co.uk
https://lh5.googleusercontent.com/p/AF1QipPkztSdWRfPFvZh6PxbvbzBBWKajAcz9wZ36XQ=w408-h240-k-no-pi0-ya306.6-ro-0-fo100,K FURNITURE CO LTD,281-283 Cricklewood Broadway, London NW2 6NX, United Kingdom,+44 20 8438 8883,kfurniture.co.uk
https://lh5.googleusercontent.com/p/AF1QipPkztSdWRfPFvZh6PxbvbzBBWKajAcz9wZ36XQ=w408-h240-k-no-pi0-ya306.6-ro-0-fo100,K FURNITURE CO LTD,281-283 Cricklewood Broadway, London NW2 6NX, United Kingdom,+44 20 8438 8883,kfurniture.co.uk
https://lh5.googleusercontent.com/p/AF1QipPkztSdWRfPFvZh6PxbvbzBBWKajAcz9wZ36XQ=w408-h240-k-no-pi0-ya306.6-ro-0-fo100,K FURNITURE CO LTD,281-283 Cricklewood Broadway, London NW2 6NX, United Kingdom,+44 20 8438 8883,kfurniture.co.uk
https://lh5.googleusercontent.com/p/AF1QipPkztSdWRfPFvZh6PxbvbzBBWKajAcz9wZ36XQ=w408-h240-k-no-pi0-ya306.6-ro-0-fo100,K FURNITURE CO LTD,281-283 Cricklewood Broadway, London NW2 6NX, United Kingdom,+44 20 8438 8883,kfurniture.co.uk
https://lh5.googleusercontent.com/p/AF1QipPkztSdWRfPFvZh6PxbvbzBBWKajAcz9wZ36XQ=w408-h240-k-no-pi0-ya306.6-ro-0-fo100,K FURNITURE CO LTD,281-283 Cricklewood Broadway, London NW2 6NX, United Kingdom,+44 20 8438 8883,kfurniture.co.uk
https://lh5.googleusercontent.com/p/AF1QipPkztSdWRfPFvZh6PxbvbzBBWKajAcz9wZ36XQ=w408-h240-k-no-pi0-ya306.6-ro-0-fo100,K FURNITURE CO LTD,281-283 Cricklewood Broadway, London NW2 6NX, United Kingdom,+44 20 8438 8883,kfurniture.co.uk
https://lh5.googleusercontent.com/p/AF1QipPkztSdWRfPFvZh6PxbvbzBBWKajAcz9wZ36XQ=w408-h240-k-no-pi0-ya306.6-ro-0-fo100,K FURNITURE CO LTD,281-283 Cricklewood Broadway, London NW2 6NX, United Kingdom,+44 20 8438 8883,kfurniture.co.uk
https://lh5.googleusercontent.com/p/AF1QipPkztSdWRfPFvZh6PxbvbzBBWKajAcz9wZ36XQ=w408-h240-k-no-pi0-ya306.6-ro-0-fo100,K FURNITURE CO LTD,281-283 Cricklewood Broadway, London NW2 6NX, United Kingdom,+44 20 8438 8883,kfurniture.co.uk
https://lh5.googleusercontent.com/p/AF1QipPkztSdWRfPFvZh6PxbvbzBBWKajAcz9wZ36XQ=w408-h240-k-no-pi0-ya306.6-ro-0-fo100,K FURNITURE CO LTD,281-283 Cricklewood Broadway, London NW2 6NX, United Kingdom,+44 20 8438 8883,kfurniture.co.uk
https://lh5.googleusercontent.com/p/AF1QipPkztSdWRfPFvZh6PxbvbzBBWKajAcz9wZ36XQ=w408-h240-k-no-pi0-ya306.6-ro-0-fo100,K FURNITURE CO LTD,281-283 Cricklewood Broadway, London NW2 6NX, United Kingdom,+44 20 8438 8883,kfurniture.co.uk
https://lh5.googleusercontent.com/p/AF1QipPkztSdWRfPFvZh6PxbvbzBBWKajAcz9wZ36XQ=w408-h240-k-no-pi0-ya306.6-ro-0-fo100,K FURNITURE CO LTD,281-283 Cricklewood Broadway, London NW2 6NX, United Kingdom,+44 20 8438 8883,kfurniture.co.uk
https://lh5.googleusercontent.com/p/AF1QipPkztSdWRfPFvZh6PxbvbzBBWKajAcz9wZ36XQ=w408-h240-k-no-pi0-ya306.6-ro-0-fo100,K FURNITURE CO LTD,281-283 Cricklewood Broadway, London NW2 6NX, United Kingdom,+44 20 8438 8883,kfurniture.co.uk
https://lh5.googleusercontent.com/p/AF1QipPkztSdWRfPFvZh6PxbvbzBBWKajAcz9wZ36XQ=w408-h240-k-no-pi0-ya306.6-ro-0-fo100,K FURNITURE CO LTD,281-283 Cricklewood Broadway, London NW2 6NX, United Kingdom,ERROR_num,No website
https://lh5.googleusercontent.com/p/AF1QipN0pb7q5FC7Z5Xiq7vbHVMTlcde-9BHCc-2ZNZ9=w408-h271-k-no,Roomes Furniture & Interiors,Nelson House, Bridge St, Downham Market PE38 9DS, United Kingdom,+44 1708 255300,roomes.co.uk
https://lh5.googleusercontent.com/p/AF1QipN0pb7q5FC7Z5Xiq7vbHVMTlcde-9BHCc-2ZNZ9=w408-h271-k-no,Roomes Furniture & Interiors,22-24 Station Rd, Upminster RM14 2UB, United Kingdom,+44 1708 255300,roomes.co.uk
https://lh5.googleusercontent.com/p/AF1QipN0pb7q5FC7Z5Xiq7vbHVMTlcde-9BHCc-2ZNZ9=w408-h271-k-no,Roomes Furniture & Interiors,22-24 Station Rd, Upminster RM14 2UB, United Kingdom,ERROR_num,No website
https://lh5.googleusercontent.com/p/AF1QipMel8r4d1_-THcZgGufCR_nph1TIt6Qrnm1C-Z_=w408-h306-k-no,Comfort Store,School Ln, Chandler's Ford, Eastleigh SO53 4DG, United Kingdom,+44 1383 419500,thecomfortstore.co.uk
https://lh5.googleusercontent.com/p/AF1QipNzyotomW1sBNbXyN1N9kegKVTsf8r4a_5drfdQ=w408-h306-k-no,The Top Drawer,Naval Mansions, Ferryhill Rd, Inverkeithing KY11 1HD, United Kingdom,+44 1355 220594,thetopdraweruk.co.uk
https://lh5.googleusercontent.com/p/AF1QipPpq1YSphaQcNCIoo9OiVi-AoqgAnrrX2vvuxYV=w408-h256-k-no,Vale Furnishers,1-3 Colvilles Pl, East Kilbride, Glasgow G75 0PZ, United Kingdom,+44 1252 325525,valefurnishers.co.uk
https://lh5.googleusercontent.com/p/AF1QipPpq1YSphaQcNCIoo9OiVi-AoqgAnrrX2vvuxYV=w408-h256-k-no,Vale Furnishers,35-42 East St, Farnham GU9 7SW, United Kingdom,ERROR_num,No website
https://lh5.googleusercontent.com/p/AF1QipM0vjlLAlMSwzvJ3SeZRFN7OobyHYopjLQUUPzg=w408-h279-k-no,Age UK Milton Keynes,Double Row, Delcor, Double Row, Seaton Delaval, Whitley Bay NE25 0PR, United Kingdom,+44 1908 263838,ageuk.org.uk
https://lh5.googleusercontent.com/p/AF1QipM0vjlLAlMSwzvJ3SeZRFN7OobyHYopjLQUUPzg=w408-h279-k-no,Age UK Milton Keynes,6 Burners Ln, Kiln Farm, Milton Keynes MK11 3HB, United Kingdom,ERROR_num,No website
https://lh5.googleusercontent.com/p/AF1QipPoxl5MUZRCJa9UmO6CP5ArXlexd_EYCMelvFSs=w426-h240-k-no,Ward Brothers Furniture,135-139 Curtain Rd, London EC2A 3BX, United Kingdom,+44 1302 811911,wardbrothers.co.uk
https://lh5.googleusercontent.com/p/AF1QipNmquRtVTaQGMuHeqjaXvLk1EqVO4_ChdZ5-Tce=w408-h240-k-no-pi-0-ya28-ro-0-fo100,Hunter Furnishing,29 - 40 Waterdale, Doncaster DN1 3EY, United Kingdom,+44 1292 266356,hunter-furnishing.co.uk
https://lh5.googleusercontent.com/p/AF1QipNmquRtVTaQGMuHeqjaXvLk1EqVO4_ChdZ5-Tce=w408-h240-k-no-pi-0-ya28-ro-0-fo100,Hunter Furnishing,3 Boundary Rd, Heathfield, Ayr KA8 9DJ, United Kingdom,+44 1292 266356,hunter-furnishing.co.uk
https://lh5.googleusercontent.com/p/AF1QipNmquRtVTaQGMuHeqjaXvLk1EqVO4_ChdZ5-Tce=w408-h240-k-no-pi-0-ya28-ro-0-fo100,Hunter Furnishing,3 Boundary Rd, Heathfield, Ayr KA8 9DJ, United Kingdom,+44 1292 266356,hunter-furnishing.co.uk
https://lh5.googleusercontent.com/p/AF1QipNmquRtVTaQGMuHeqjaXvLk1EqVO4_ChdZ5-Tce=w408-h240-k-no-pi-0-ya28-ro-0-fo100,Hunter Furnishing,3 Boundary Rd, Heathfield, Ayr KA8 9DJ, United Kingdom,+44 1292 266356,hunter-furnishing.co.uk
https://lh5.googleusercontent.com/p/AF1QipNmquRtVTaQGMuHeqjaXvLk1EqVO4_ChdZ5-Tce=w408-h240-k-no-pi-0-ya28-ro-0-fo100,Hunter Furnishing,3 Boundary Rd, Heathfield, Ayr KA8 9DJ, United Kingdom,+44 1292 266356,hunter-furnishing.co.uk
https://lh5.googleusercontent.com/p/AF1QipNmquRtVTaQGMuHeqjaXvLk1EqVO4_ChdZ5-Tce=w408-h240-k-no-pi-0-ya28-ro-0-fo100,Hunter Furnishing,3 Boundary Rd, Heathfield, Ayr KA8 9DJ, United Kingdom,+44 1292 266356,hunter-furnishing.co.uk
https://lh5.googleusercontent.com/p/AF1QipNmquRtVTaQGMuHeqjaXvLk1EqVO4_ChdZ5-Tce=w408-h240-k-no-pi-0-ya28-ro-0-fo100,Hunter Furnishing,3 Boundary Rd, Heathfield, Ayr KA8 9DJ, United Kingdom,+44 1292 266356,hunter-furnishing.co.uk
https://lh5.googleusercontent.com/p/AF1QipNmquRtVTaQGMuHeqjaXvLk1EqVO4_ChdZ5-Tce=w408-h240-k-no-pi-0-ya28-ro-0-fo100,Hunter Furnishing,3 Boundary Rd, Heathfield, Ayr KA8 9DJ, United Kingdom,+44 1292 266356,hunter-furnishing.co.uk
https://lh5.googleusercontent.com/p/AF1QipNmquRtVTaQGMuHeqjaXvLk1EqVO4_ChdZ5-Tce=w408-h240-k-no-pi-0-ya28-ro-0-fo100,Hunter Furnishing,3 Boundary Rd, Heathfield, Ayr KA8 9DJ, United Kingdom,+44 1292 266356,hunter-furnishing.co.uk
https://lh5.googleusercontent.com/p/AF1QipNmquRtVTaQGMuHeqjaXvLk1EqVO4_ChdZ5-Tce=w408-h240-k-no-pi-0-ya28-ro-0-fo100,Hunter Furnishing,3 Boundary Rd, Heathfield, Ayr KA8 9DJ, United Kingdom,+44 1292 266356,hunter-furnishing.co.uk
https://lh5.googleusercontent.com/p/AF1QipNmquRtVTaQGMuHeqjaXvLk1EqVO4_ChdZ5-Tce=w408-h240-k-no-pi-0-ya28-ro-0-fo100,Hunter Furnishing,3 Boundary Rd, Heathfield, Ayr KA8 9DJ, United Kingdom,+44 1292 266356,hunter-furnishing.co.uk
https://lh5.googleusercontent.com/p/AF1QipNmquRtVTaQGMuHeqjaXvLk1EqVO4_ChdZ5-Tce=w408-h240-k-no-pi-0-ya28-ro-0-fo100,Hunter Furnishing,3 Boundary Rd, Heathfield, Ayr KA8 9DJ, United Kingdom,+44 1292 266356,hunter-furnishing.co.uk
https://lh5.googleusercontent.com/p/AF1QipNmquRtVTaQGMuHeqjaXvLk1EqVO4_ChdZ5-Tce=w408-h240-k-no-pi-0-ya28-ro-0-fo100,Hunter Furnishing,3 Boundary Rd, Heathfield, Ayr KA8 9DJ, United Kingdom,+44 1292 266356,hunter-furnishing.co.uk
https://lh5.googleusercontent.com/p/AF1QipNmquRtVTaQGMuHeqjaXvLk1EqVO4_ChdZ5-Tce=w408-h240-k-no-pi-0-ya28-ro-0-fo100,Hunter Furnishing,3 Boundary Rd, Heathfield, Ayr KA8 9DJ, United Kingdom,+44 1292 266356,hunter-furnishing.co.uk
https://lh5.googleusercontent.com/p/AF1QipNmquRtVTaQGMuHeqjaXvLk1EqVO4_ChdZ5-Tce=w408-h240-k-no-pi-0-ya28-ro-0-fo100,Hunter Furnishing,3 Boundary Rd, Heathfield, Ayr KA8 9DJ, United Kingdom,+44 1292 266356,hunter-furnishing.co.uk
https://lh5.googleusercontent.com/p/AF1QipNmquRtVTaQGMuHeqjaXvLk1EqVO4_ChdZ5-Tce=w408-h240-k-no-pi-0-ya28-ro-0-fo100,Hunter Furnishing,3 Boundary Rd, Heathfield, Ayr KA8 9DJ, United Kingdom,+44 1292 266356,hunter-furnishing.co.uk
https://lh5.googleusercontent.com/p/AF1QipNmquRtVTaQGMuHeqjaXvLk1EqVO4_ChdZ5-Tce=w408-h240-k-no-pi-0-ya28-ro-0-fo100,Hunter Furnishing,3 Boundary Rd, Heathfield, Ayr KA8 9DJ, United Kingdom,+44 1292 266356,hunter-furnishing.co.uk
https://lh5.googleusercontent.com/p/AF1QipNmquRtVTaQGMuHeqjaXvLk1EqVO4_ChdZ5-Tce=w408-h240-k-no-pi-0-ya28-ro-0-fo100,Hunter Furnishing,3 Boundary Rd, Heathfield, Ayr KA8 9DJ, United Kingdom,+44 1292 266356,hunter-furnishing.co.uk
https://lh5.googleusercontent.com/p/AF1QipNmquRtVTaQGMuHeqjaXvLk1EqVO4_ChdZ5-Tce=w408-h240-k-no-pi-0-ya28-ro-0-fo100,Hunter Furnishing,3 Boundary Rd, Heathfield, Ayr KA8 9DJ, United Kingdom,+44 1292 266356,hunter-furnishing.co.uk
https://lh5.googleusercontent.com/p/AF1QipNmquRtVTaQGMuHeqjaXvLk1EqVO4_ChdZ5-Tce=w408-h240-k-no-pi-0-ya28-ro-0-fo100,Hunter Furnishing,3 Boundary Rd, Heathfield, Ayr KA8 9DJ, United Kingdom,+44 1292 266356,hunter-furnishing.co.uk
https://lh5.googleusercontent.com/p/AF1QipNmquRtVTaQGMuHeqjaXvLk1EqVO4_ChdZ5-Tce=w408-h240-k-no-pi-0-ya28-ro-0-fo100,Hunter Furnishing,3 Boundary Rd, Heathfield, Ayr KA8 9DJ, United Kingdom,+44 1292 266356,hunter-furnishing.co.uk
https://lh5.googleusercontent.com/p/AF1QipNmquRtVTaQGMuHeqjaXvLk1EqVO4_ChdZ5-Tce=w408-h240-k-no-pi-0-ya28-ro-0-fo100,Hunter Furnishing,3 Boundary Rd, Heathfield, Ayr KA8 9DJ, United Kingdom,+44 1292 266356,hunter-furnishing.co.uk
https://lh5.googleusercontent.com/p/AF1QipNmquRtVTaQGMuHeqjaXvLk1EqVO4_ChdZ5-Tce=w408-h240-k-no-pi-0-ya28-ro-0-fo100,Hunter Furnishing,3 Boundary Rd, Heathfield, Ayr KA8 9DJ, United Kingdom,+44 1292 266356,hunter-furnishing.co.uk
https://lh5.googleusercontent.com/p/AF1QipNmquRtVTaQGMuHeqjaXvLk1EqVO4_ChdZ5-Tce=w408-h240-k-no-pi-0-ya28-ro-0-fo100,Hunter Furnishing,3 Boundary Rd, Heathfield, Ayr KA8 9DJ, United Kingdom,+44 1292 266356,hunter-furnishing.co.uk
https://lh5.googleusercontent.com/p/AF1QipNmquRtVTaQGMuHeqjaXvLk1EqVO4_ChdZ5-Tce=w408-h240-k-no-pi-0-ya28-ro-0-fo100,Hunter Furnishing,3 Boundary Rd, Heathfield, Ayr KA8 9DJ, United Kingdom,+44 1292 266356,hunter-furnishing.co.uk
https://lh5.googleusercontent.com/p/AF1QipNmquRtVTaQGMuHeqjaXvLk1EqVO4_ChdZ5-Tce=w408-h240-k-no-pi-0-ya28-ro-0-fo100,Hunter Furnishing,3 Boundary Rd, Heathfield, Ayr KA8 9DJ, United Kingdom,+44 1292 266356,hunter-furnishing.co.uk
https://lh5.googleusercontent.com/p/AF1QipNmquRtVTaQGMuHeqjaXvLk1EqVO4_ChdZ5-Tce=w408-h240-k-no-pi-0-ya28-ro-0-fo100,Hunter Furnishing,3 Boundary Rd, Heathfield, Ayr KA8 9DJ, United Kingdom,+44 1292 266356,hunter-furnishing.co.uk
https://lh5.googleusercontent.com/p/AF1QipNmquRtVTaQGMuHeqjaXvLk1EqVO4_ChdZ5-Tce=w408-h240-k-no-pi-0-ya28-ro-0-fo100,Hunter Furnishing,3 Boundary Rd, Heathfield, Ayr KA8 9DJ, United Kingdom,+44 1292 266356,hunter-furnishing.co.uk
https://lh5.googleusercontent.com/p/AF1QipNmquRtVTaQGMuHeqjaXvLk1EqVO4_ChdZ5-Tce=w408-h240-k-no-pi-0-ya28-ro-0-fo100,Hunter Furnishing,3 Boundary Rd, Heathfield, Ayr KA8 9DJ, United Kingdom,+44 1292 266356,hunter-furnishing.co.uk
https://lh5.googleusercontent.com/p/AF1QipNmquRtVTaQGMuHeqjaXvLk1EqVO4_ChdZ5-Tce=w408-h240-k-no-pi-0-ya28-ro-0-fo100,Hunter Furnishing,3 Boundary Rd, Heathfield, Ayr KA8 9DJ, United Kingdom,+44 1292 266356,hunter-furnishing.co.uk
https://lh5.googleusercontent.com/p/AF1QipNmquRtVTaQGMuHeqjaXvLk1EqVO4_ChdZ5-Tce=w408-h240-k-no-pi-0-ya28-ro-0-fo100,Hunter Furnishing,3 Boundary Rd, Heathfield, Ayr KA8 9DJ, United Kingdom,+44 1292 266356,hunter-furnishing.co.uk
https://lh5.googleusercontent.com/p/AF1QipNmquRtVTaQGMuHeqjaXvLk1EqVO4_ChdZ5-Tce=w408-h240-k-no-pi-0-ya28-ro-0-fo100,Hunter Furnishing,3 Boundary Rd, Heathfield, Ayr KA8 9DJ, United Kingdom,+44 1292 266356,hunter-furnishing.co.uk
https://lh5.googleusercontent.com/p/AF1QipNmquRtVTaQGMuHeqjaXvLk1EqVO4_ChdZ5-Tce=w408-h240-k-no-pi-0-ya28-ro-0-fo100,Hunter Furnishing,3 Boundary Rd, Heathfield, Ayr KA8 9DJ, United Kingdom,+44 1292 266356,hunter-furnishing.co.uk
https://lh5.googleusercontent.com/p/AF1QipNmquRtVTaQGMuHeqjaXvLk1EqVO4_ChdZ5-Tce=w408-h240-k-no-pi-0-ya28-ro-0-fo100,Hunter Furnishing,3 Boundary Rd, Heathfield, Ayr KA8 9DJ, United Kingdom,+44 1292 266356,hunter-furnishing.co.uk
https://lh5.googleusercontent.com/p/AF1QipNmquRtVTaQGMuHeqjaXvLk1EqVO4_ChdZ5-Tce=w408-h240-k-no-pi-0-ya28-ro-0-fo100,Hunter Furnishing,3 Boundary Rd, Heathfield, Ayr KA8 9DJ, United Kingdom,+44 1292 266356,hunter-furnishing.co.uk
https://lh5.googleusercontent.com/p/AF1QipNmquRtVTaQGMuHeqjaXvLk1EqVO4_ChdZ5-Tce=w408-h240-k-no-pi-0-ya28-ro-0-fo100,Hunter Furnishing,3 Boundary Rd, Heathfield, Ayr KA8 9DJ, United Kingdom,+44 1292 266356,hunter-furnishing.co.uk
https://lh5.googleusercontent.com/p/AF1QipNmquRtVTaQGMuHeqjaXvLk1EqVO4_ChdZ5-Tce=w408-h240-k-no-pi-0-ya28-ro-0-fo100,Hunter Furnishing,3 Boundary Rd, Heathfield, Ayr KA8 9DJ, United Kingdom,+44 1292 266356,hunter-furnishing.co.uk
https://lh5.googleusercontent.com/p/AF1QipNmquRtVTaQGMuHeqjaXvLk1EqVO4_ChdZ5-Tce=w408-h240-k-no-pi-0-ya28-ro-0-fo100,Hunter Furnishing,3 Boundary Rd, Heathfield, Ayr KA8 9DJ, United Kingdom,+44 1292 266356,hunter-furnishing.co.uk
https://lh5.googleusercontent.com/p/AF1QipNmquRtVTaQGMuHeqjaXvLk1EqVO4_ChdZ5-Tce=w408-h240-k-no-pi-0-ya28-ro-0-fo100,Hunter Furnishing,3 Boundary Rd, Heathfield, Ayr KA8 9DJ, United Kingdom,+44 1292 266356,hunter-furnishing.co.uk
https://lh5.googleusercontent.com/p/AF1QipNmquRtVTaQGMuHeqjaXvLk1EqVO4_ChdZ5-Tce=w408-h240-k-no-pi-0-ya28-ro-0-fo100,Hunter Furnishing,3 Boundary Rd, Heathfield, Ayr KA8 9DJ, United Kingdom,+44 1292 266356,hunter-furnishing.co.uk
https://lh5.googleusercontent.com/p/AF1QipNmquRtVTaQGMuHeqjaXvLk1EqVO4_ChdZ5-Tce=w408-h240-k-no-pi-0-ya28-ro-0-fo100,Hunter Furnishing,3 Boundary Rd, Heathfield, Ayr KA8 9DJ, United Kingdom,+44 1292 266356,hunter-furnishing.co.uk
https://lh5.googleusercontent.com/p/AF1QipNmquRtVTaQGMuHeqjaXvLk1EqVO4_ChdZ5-Tce=w408-h240-k-no-pi-0-ya28-ro-0-fo100,Hunter Furnishing,3 Boundary Rd, Heathfield, Ayr KA8 9DJ, United Kingdom,+44 1292 266356,hunter-furnishing.co.uk
https://lh5.googleusercontent.com/p/AF1QipNmquRtVTaQGMuHeqjaXvLk1EqVO4_ChdZ5-Tce=w408-h240-k-no-pi-0-ya28-ro-0-fo100,Hunter Furnishing,3 Boundary Rd, Heathfield, Ayr KA8 9DJ, United Kingdom,+44 1292 266356,hunter-furnishing.co.uk
https://lh5.googleusercontent.com/p/AF1QipNmquRtVTaQGMuHeqjaXvLk1EqVO4_ChdZ5-Tce=w408-h240-k-no-pi-0-ya28-ro-0-fo100,Hunter Furnishing,3 Boundary Rd, Heathfield, Ayr KA8 9DJ, United Kingdom,+44 1292 266356,hunter-furnishing.co.uk
https://lh5.googleusercontent.com/p/AF1QipNmquRtVTaQGMuHeqjaXvLk1EqVO4_ChdZ5-Tce=w408-h240-k-no-pi-0-ya28-ro-0-fo100,Hunter Furnishing,3 Boundary Rd, Heathfield, Ayr KA8 9DJ, United Kingdom,+44 1292 266356,hunter-furnishing.co.uk
https://lh5.googleusercontent.com/p/AF1QipNmquRtVTaQGMuHeqjaXvLk1EqVO4_ChdZ5-Tce=w408-h240-k-no-pi-0-ya28-ro-0-fo100,Hunter Furnishing,3 Boundary Rd, Heathfield, Ayr KA8 9DJ, United Kingdom,+44 1292 266356,hunter-furnishing.co.uk
https://lh5.googleusercontent.com/p/AF1QipNmquRtVTaQGMuHeqjaXvLk1EqVO4_ChdZ5-Tce=w408-h240-k-no-pi-0-ya28-ro-0-fo100,Hunter Furnishing,3 Boundary Rd, Heathfield, Ayr KA8 9DJ, United Kingdom,+44 1292 266356,hunter-furnishing.co.uk
https://lh5.googleusercontent.com/p/AF1QipNmquRtVTaQGMuHeqjaXvLk1EqVO4_ChdZ5-Tce=w408-h240-k-no-pi-0-ya28-ro-0-fo100,Hunter Furnishing,3 Boundary Rd, Heathfield, Ayr KA8 9DJ, United Kingdom,+44 1292 266356,hunter-furnishing.co.uk
https://lh5.googleusercontent.com/p/AF1QipNmquRtVTaQGMuHeqjaXvLk1EqVO4_ChdZ5-Tce=w408-h240-k-no-pi-0-ya28-ro-0-fo100,Hunter Furnishing,3 Boundary Rd, Heathfield, Ayr KA8 9DJ, United Kingdom,+44 1292 266356,hunter-furnishing.co.uk
https://lh5.googleusercontent.com/p/AF1QipNmquRtVTaQGMuHeqjaXvLk1EqVO4_ChdZ5-Tce=w408-h240-k-no-pi-0-ya28-ro-0-fo100,Hunter Furnishing,3 Boundary Rd, Heathfield, Ayr KA8 9DJ, United Kingdom,+44 1292 266356,hunter-furnishing.co.uk
https://lh5.googleusercontent.com/p/AF1QipNmquRtVTaQGMuHeqjaXvLk1EqVO4_ChdZ5-Tce=w408-h240-k-no-pi-0-ya28-ro-0-fo100,Hunter Furnishing,3 Boundary Rd, Heathfield, Ayr KA8 9DJ, United Kingdom,+44 1292 266356,hunter-furnishing.co.uk
https://lh5.googleusercontent.com/p/AF1QipNmquRtVTaQGMuHeqjaXvLk1EqVO4_ChdZ5-Tce=w408-h240-k-no-pi-0-ya28-ro-0-fo100,Hunter Furnishing,3 Boundary Rd, Heathfield, Ayr KA8 9DJ, United Kingdom,+44 1292 266356,hunter-furnishing.co.uk
https://lh5.googleusercontent.com/p/AF1QipNmquRtVTaQGMuHeqjaXvLk1EqVO4_ChdZ5-Tce=w408-h240-k-no-pi-0-ya28-ro-0-fo100,Hunter Furnishing,3 Boundary Rd, Heathfield, Ayr KA8 9DJ, United Kingdom,+44 1292 266356,hunter-furnishing.co.uk
https://lh5.googleusercontent.com/p/AF1QipNmquRtVTaQGMuHeqjaXvLk1EqVO4_ChdZ5-Tce=w408-h240-k-no-pi-0-ya28-ro-0-fo100,Hunter Furnishing,3 Boundary Rd, Heathfield, Ayr KA8 9DJ, United Kingdom,+44 1292 266356,hunter-furnishing.co.uk
https://lh5.googleusercontent.com/p/AF1QipNmquRtVTaQGMuHeqjaXvLk1EqVO4_ChdZ5-Tce=w408-h240-k-no-pi-0-ya28-ro-0-fo100,Hunter Furnishing,3 Boundary Rd, Heathfield, Ayr KA8 9DJ, United Kingdom,+44 1292 266356,hunter-furnishing.co.uk